day,trials_a,successes_a,trials_b,successes_b
2019-08-01,82702,618,39550,255
2019-08-02,121040,511,100719,677
2019-08-03,131711,372,70263,578
2019-08-04,72878,340,78451,340
2019-08-05,0,0,114295,768
2019-08-06,109076,764,42684,488
2019-08-07,142123,499,53986,890
2019-08-08,90939,462,33669,431
2019-08-09,121332,501,45511,845
2019-08-10,117624,734,95054,275
2019-08-11,115247,475,83633,668
2019-08-12,116639,794,124591,709
2019-08-13,82847,766,65827,812
2019-08-14,145248,788,56304,340
2019-08-15,132845,366,94338,398
2019-08-16,71274,438,106584,487
2019-08-17,119612,222,95843,238
2019-08-18,108452,243,53632,257
2019-08-19,107890,542,22521,512
2019-08-20,113430,299,39470,730
2019-08-21,74654,800,133771,245
2019-08-22,105705,387,34752,276
2019-08-23,129880,766,60286,473
2019-08-24,72515,585,36650,269
2019-08-25,117006,386,120576,651
2019-08-26,124897,251,80841,284
2019-08-27,104678,605,111469,771
2019-08-28,141654,643,54627,721
2019-08-29,92029,334,67444,677
2019-08-30,111306,670,120203,572
